image,duplicate_of
../data/1 Very Mild/AD Very Mild 2221.jpg,../data/1 Very Mild/AD Very Mild 2151.jpg
../data/1 Very Mild/AD Very Mild 1374.jpg,../data/1 Very Mild/AD Very Mild 1304.jpg
../data/1 Very Mild/AD Very Mild 978.jpg,../data/1 Very Mild/AD Very Mild 908.jpg
../data/1 Very Mild/AD Very Mild 1028.jpg,../data/1 Very Mild/AD Very Mild 1098.jpg
../data/1 Very Mild/AD Very Mild 992.jpg,../data/1 Very Mild/AD Very Mild 1062.jpg
../data/1 Very Mild/AD Very Mild 1428.jpg,../data/1 Very Mild/AD Very Mild 1498.jpg
../data/1 Very Mild/AD Very Mild 1004.jpg,../data/1 Very Mild/AD Very Mild 934.jpg
../data/1 Very Mild/AD Very Mild 59.jpg,../data/1 Very Mild/AD Very Mild 129.jpg
../data/1 Very Mild/AD Very Mild 1401.jpg,../data/1 Very Mild/AD Very Mild 1471.jpg
../data/1 Very Mild/AD Very Mild 1172.jpg,../data/1 Very Mild/AD Very Mild 1102.jpg
../data/1 Very Mild/AD Very Mild 97.jpg,../data/1 Very Mild/AD Very Mild 167.jpg
../data/1 Very Mild/AD Very Mild 2064.jpg,../data/1 Very Mild/AD Very Mild 2134.jpg
../data/1 Very Mild/AD Very Mild 1141.jpg,../data/1 Very Mild/AD Very Mild 1211.jpg
../data/1 Very Mild/AD Very Mild 1394.jpg,../data/1 Very Mild/AD Very Mild 1464.jpg
../data/1 Very Mild/AD Very Mild 1425.jpg,../data/1 Very Mild/AD Very Mild 1355.jpg
../data/1 Very Mild/AD Very Mild 1192.jpg,../data/1 Very Mild/AD Very Mild 1262.jpg
../data/1 Very Mild/AD Very Mild 1025.jpg,../data/1 Very Mild/AD Very Mild 955.jpg
../data/1 Very Mild/AD Very Mild 343.jpg,../data/1 Very Mild/AD Very Mild 413.jpg
../data/1 Very Mild/AD Very Mild 1030.jpg,../data/1 Very Mild/AD Very Mild 1100.jpg
../data/1 Very Mild/AD Very Mild 1768.jpg,../data/1 Very Mild/AD Very Mild 1698.jpg
../data/1 Very Mild/AD Very Mild 1621.jpg,../data/1 Very Mild/AD Very Mild 1551.jpg
../data/1 Very Mild/AD Very Mild 745.jpg,../data/1 Very Mild/AD Very Mild 815.jpg
../data/1 Very Mild/AD Very Mild 1530.jpg,../data/1 Very Mild/AD Very Mild 1460.jpg
../data/1 Very Mild/AD Very Mild 2005.jpg,../data/1 Very Mild/AD Very Mild 1935.jpg
../data/1 Very Mild/AD Very Mild 1281.jpg,../data/1 Very Mild/AD Very Mild 1351.jpg
../data/1 Very Mild/AD Very Mild 1860.jpg,../data/1 Very Mild/AD Very Mild 1930.jpg
../data/1 Very Mild/AD Very Mild 1684.jpg,../data/1 Very Mild/AD Very Mild 1614.jpg
../data/1 Very Mild/AD Very Mild 1323.jpg,../data/1 Very Mild/AD Very Mild 1393.jpg
../data/1 Very Mild/AD Very Mild 1321.jpg,../data/1 Very Mild/AD Very Mild 1391.jpg
../data/1 Very Mild/AD Very Mild 1916.jpg,../data/1 Very Mild/AD Very Mild 1986.jpg
../data/1 Very Mild/AD Very Mild 1687.jpg,../data/1 Very Mild/AD Very Mild 1617.jpg
../data/1 Very Mild/AD Very Mild 1485.jpg,../data/1 Very Mild/AD Very Mild 1555.jpg
../data/1 Very Mild/AD Very Mild 1481.jpg,../data/1 Very Mild/AD Very Mild 1551.jpg
../data/1 Very Mild/AD Very Mild 877.jpg,../data/1 Very Mild/AD Very Mild 807.jpg
../data/1 Very Mild/AD Very Mild 1286.jpg,../data/1 Very Mild/AD Very Mild 1216.jpg
../data/1 Very Mild/AD Very Mild 1327.jpg,../data/1 Very Mild/AD Very Mild 1397.jpg
../data/1 Very Mild/AD Very Mild 732.jpg,../data/1 Very Mild/AD Very Mild 802.jpg
../data/1 Very Mild/AD Very Mild 2175.jpg,../data/1 Very Mild/AD Very Mild 9.jpg
../data/2 Mild/AD Mild 500.jpg,../data/2 Mild/AD Mild 472.jpg
../data/2 Mild/AD Mild 477.jpg,../data/2 Mild/AD Mild 505.jpg
../data/2 Mild/AD Mild 2.jpg,../data/2 Mild/AD Mild 111.jpg
../data/2 Mild/AD Mild 416.jpg,../data/2 Mild/AD Mild 388.jpg
../data/2 Mild/AD Mild 356.jpg,../data/2 Mild/AD Mild 328.jpg
../data/2 Mild/AD Mild 386.jpg,../data/2 Mild/AD Mild 414.jpg
../data/2 Mild/AD Mild 185.jpg,../data/2 Mild/AD Mild 213.jpg
../data/2 Mild/AD Mild 595.jpg,../data/2 Mild/AD Mild 567.jpg
../data/2 Mild/AD Mild 740.jpg,../data/2 Mild/AD Mild 712.jpg
../data/2 Mild/AD Mild 33.jpg,../data/2 Mild/AD Mild 4.jpg
../data/2 Mild/AD Mild 136.jpg,../data/2 Mild/AD Mild 157.jpg
../data/2 Mild/AD Mild 137.jpg,../data/2 Mild/AD Mild 18.jpg
../data/2 Mild/AD Mild 519.jpg,../data/2 Mild/AD Mild 547.jpg
../data/2 Mild/AD Mild 322.jpg,../data/2 Mild/AD Mild 294.jpg
../data/2 Mild/AD Mild 444.jpg,../data/2 Mild/AD Mild 472.jpg
../data/2 Mild/AD Mild 468.jpg,../data/2 Mild/AD Mild 440.jpg
../data/2 Mild/AD Mild 865.jpg,../data/2 Mild/AD Mild 837.jpg
../data/2 Mild/AD Mild 537.jpg,../data/2 Mild/AD Mild 509.jpg
../data/2 Mild/AD Mild 641.jpg,../data/2 Mild/AD Mild 613.jpg
../data/3 Moderate/AD Moderate 279.jpg,../data/3 Moderate/AD Moderate 278.jpg
../data/3 Moderate/AD Moderate 284.jpg,../data/3 Moderate/AD Moderate 283.jpg
../data/3 Moderate/AD Moderate 425.jpg,../data/3 Moderate/AD Moderate 426.jpg
../data/3 Moderate/AD Moderate 431.jpg,../data/3 Moderate/AD Moderate 432.jpg
../data/3 Moderate/AD Moderate 179.jpg,../data/3 Moderate/AD Moderate 180.jpg
../data/3 Moderate/AD Moderate 391.jpg,../data/3 Moderate/AD Moderate 390.jpg
../data/3 Moderate/AD Moderate 213.jpg,../data/3 Moderate/AD Moderate 212.jpg
../data/3 Moderate/AD Moderate 358.jpg,../data/3 Moderate/AD Moderate 359.jpg
../data/3 Moderate/AD Moderate 416.jpg,../data/3 Moderate/AD Moderate 415.jpg
../data/3 Moderate/AD Moderate 172.jpg,../data/3 Moderate/AD Moderate 173.jpg
../data/3 Moderate/AD Moderate 210.jpg,../data/3 Moderate/AD Moderate 211.jpg
../data/3 Moderate/AD Moderate 49.jpg,../data/3 Moderate/AD Moderate 47.jpg
../data/3 Moderate/AD Moderate 300.jpg,../data/3 Moderate/AD Moderate 302.jpg
../data/3 Moderate/AD Moderate 301.jpg,../data/3 Moderate/AD Moderate 302.jpg
../data/3 Moderate/AD Moderate 339.jpg,../data/3 Moderate/AD Moderate 340.jpg
../data/Normal/Te-no_0284.jpg,../data/Normal/Tr-no_1486.jpg
../data/Normal/Tr-no_1281.jpg,../data/Normal/Tr-no_1518.jpg
../data/Normal/No Tumor 84.jpg,../data/Normal/No Tumor 92.jpg
../data/Normal/Tr-no_0572.jpg,../data/Normal/Tr-no_0029.jpg
../data/Normal/Tr-no_0604.jpg,../data/Normal/Tr-no_1445.jpg
../data/Normal/Tr-no_0639.jpg,../data/Normal/Tr-no_1519.jpg
../data/Normal/No Tumor 1139.jpg,../data/Normal/No Tumor 1138.jpg
../data/Normal/Tr-no_1447.jpg,../data/Normal/Tr-no_0606.jpg
../data/Normal/Tr-no_1321.jpg,../data/Normal/Tr-no_0439.jpg
../data/Normal/Tr-no_1484.jpg,../data/Normal/Tr-no_1241.jpg
../data/Normal/C-S (812).png,../data/Normal/C-S (516).png
../data/Normal/Tr-no_1494.jpg,../data/Normal/Tr-no_1282.jpg
../data/Normal/C-S (393).png,../data/Normal/C-S (371).png
../data/Normal/Tr-no_1127.jpg,../data/Normal/Tr-no_0996.jpg
../data/Normal/C-S (782).png,../data/Normal/C-S (886).png
../data/Normal/Tr-no_1286.jpg,../data/Normal/Te-no_0250.jpg
../data/Normal/Tr-no_0166.jpg,../data/Normal/Tr-no_0766.jpg
../data/Normal/C-A (793).png,../data/Normal/C-A (726).png
../data/Normal/C-A (402).png,../data/Normal/C-A (415).png
../data/Normal/Tr-no_1132.jpg,../data/Normal/Te-no_0127.jpg
../data/Normal/Tr-no_0562.jpg,../data/Normal/Te-no_0309.jpg
../data/Normal/No Tumor 94.jpg,../data/Normal/No Tumor 90.jpg
../data/Normal/Te-no_0240.jpg,../data/Normal/Tr-no_1444.jpg
../data/Normal/C-S (215).png,../data/Normal/C-S (263).png
../data/Normal/Tr-no_1442.jpg,../data/Normal/Tr-no_0601.jpg
../data/Normal/C-S (370).png,../data/Normal/C-S (392).png
../data/Normal/Tr-no_0951.jpg,../data/Normal/Tr-no_0980.jpg
../data/Normal/Tr-no_0560.jpg,../data/Normal/Te-no_0308.jpg
../data/Normal/Te-no_0281.jpg,../data/Normal/Tr-no_1485.jpg
../data/Normal/Tr-no_0400.jpg,../data/Normal/Te-no_0333.jpg
../data/Normal/nonDem1066.jpg,../data/Normal/nonDem1266.jpg
../data/Normal/Tr-no_1044.jpg,../data/Normal/Tr-no_0564.jpg
../data/Normal/C-S (389).png,../data/Normal/C-S (367).png
../data/Normal/Te-no_0134.jpg,../data/Normal/Te-no_0319.jpg
../data/Normal/Tr-no_1508.jpg,../data/Normal/Te-no_0256.jpg
../data/Normal/Tr-no_1253.jpg,../data/Normal/Te-no_0297.jpg
../data/Normal/Tr-no_0171.jpg,../data/Normal/Tr-no_1097.jpg
../data/Normal/Tr-no_1051.jpg,../data/Normal/Tr-no_1118.jpg
../data/Normal/Te-no_0294.jpg,../data/Normal/Tr-no_1244.jpg
../data/Normal/Tr-no_0561.jpg,../data/Normal/Tr-no_1446.jpg
../data/Normal/Te-no_0243.jpg,../data/Normal/Tr-no_1450.jpg
../data/Normal/Tr-no_1441.jpg,../data/Normal/Tr-no_0600.jpg
../data/Normal/C-A (852).png,../data/Normal/C-A (643).png
../data/Normal/Tr-no_1426.jpg,../data/Normal/Te-no_0135.jpg
../data/Normal/Tr-no_1368.jpg,../data/Normal/Tr-no_0617.jpg
../data/Normal/C-S (880).png,../data/Normal/C-S (776).png
../data/Normal/Te-no_0224.jpg,../data/Normal/Tr-no_0028.jpg
../data/Normal/Te-no_0218.jpg,../data/Normal/Tr-no_0943.jpg
../data/Normal/C-S (838).png,../data/Normal/C-S (757).png
../data/Normal/Tr-no_0499.jpg,../data/Normal/Tr-no_1257.jpg
../data/Normal/Tr-no_0472.jpg,../data/Normal/Tr-no_1326.jpg
../data/Normal/Tr-no_0300.jpg,../data/Normal/Tr-no_1087.jpg
../data/Normal/Te-no_0152.jpg,../data/Normal/Tr-no_1537.jpg
../data/Normal/Tr-no_0843.jpg,../data/Normal/Tr-no_1478.jpg
../data/Normal/Tr-no_1552.jpg,../data/Normal/Tr-no_0412.jpg
../data/Normal/Tr-no_1220.jpg,../data/Normal/Tr-no_1043.jpg
../data/Normal/Tr-no_0658.jpg,../data/Normal/Tr-no_1482.jpg
../data/Normal/C-A (794).png,../data/Normal/C-A (727).png
../data/Normal/Tr-no_0665.jpg,../data/Normal/Te-no_0326.jpg
../data/Normal/nonDem1559.jpg,../data/Normal/nonDem1459.jpg
../data/Normal/Tr-no_1547.jpg,../data/Normal/Tr-no_1495.jpg
../data/Normal/Tr-no_0659.jpg,../data/Normal/Tr-no_1240.jpg
../data/Normal/Tr-no_1553.jpg,../data/Normal/Tr-no_0598.jpg
../data/Normal/C-A (645).png,../data/Normal/C-A (854).png
../data/Normal/Te-no_0147.jpg,../data/Normal/Te-no_0253.jpg
../data/Normal/Te-no_0386.jpg,../data/Normal/Te-no_0119.jpg
../data/Normal/Te-no_0225.jpg,../data/Normal/Tr-no_1022.jpg
../data/Normal/Tr-no_1180.jpg,../data/Normal/Tr-no_0558.jpg
../data/Normal/C-A (311).png,../data/Normal/C-A (273).png
../data/Normal/Tr-no_1369.jpg,../data/Normal/Tr-no_1591.jpg
../data/Normal/Tr-no_1433.jpg,../data/Normal/Tr-no_0956.jpg
../data/Normal/Tr-no_1341.jpg,../data/Normal/Tr-no_1521.jpg
../data/Normal/Te-no_0033.jpg,../data/Normal/Tr-no_0363.jpg
../data/Normal/Tr-no_1343.jpg,../data/Normal/Tr-no_1457.jpg
../data/Normal/Tr-no_1425.jpg,../data/Normal/Tr-no_0439.jpg
../data/Normal/Tr-no_0707.jpg,../data/Normal/Tr-no_0980.jpg
../data/Normal/Te-no_0227.jpg,../data/Normal/Tr-no_0039.jpg
../data/Normal/Tr-no_0511.jpg,../data/Normal/Tr-no_1490.jpg
../data/Normal/Te-no_0353.jpg,../data/Normal/Tr-no_0605.jpg
../data/Normal/Te-no_0347.jpg,../data/Normal/Te-no_0133.jpg
../data/Normal/Tr-no_0459.jpg,../data/Normal/Te-no_0254.jpg
../data/Normal/Tr-no_0471.jpg,../data/Normal/Tr-no_1325.jpg
../data/Normal/Tr-no_1009.jpg,../data/Normal/Tr-no_0029.jpg
../data/Normal/Tr-no_0698.jpg,../data/Normal/Tr-no_0162.jpg
../data/Normal/Te-no_0145.jpg,../data/Normal/Tr-no_1495.jpg
../data/Normal/C-A (262).png,../data/Normal/C-A (300).png
../data/Normal/C-A (798).png,../data/Normal/C-A (731).png
../data/Normal/Tr-no_0868.jpg,../data/Normal/Tr-no_1451.jpg
../data/Normal/Tr-no_1545.jpg,../data/Normal/Tr-no_0406.jpg
../data/Normal/Te-no_0192.jpg,../data/Normal/Tr-no_0411.jpg
../data/Normal/Tr-no_0129.jpg,../data/Normal/Tr-no_0374.jpg
../data/Normal/nonDem1229.jpg,../data/2 Mild/AD Mild 549.jpg
../data/Normal/Tr-no_1550.jpg,../data/Normal/Te-no_0336.jpg
../data/Normal/Tr-no_1222.jpg,../data/Normal/Te-no_0293.jpg
../data/Normal/Tr-no_0855.jpg,../data/Normal/Tr-no_0956.jpg
../data/Normal/Tr-no_1008.jpg,../data/Normal/Tr-no_0564.jpg
../data/Normal/Tr-no_1034.jpg,../data/Normal/Tr-no_1446.jpg
../data/Normal/nonDem2286.jpg,../data/Normal/nonDem2186.jpg
../data/Normal/Te-no_0346.jpg,../data/Normal/Te-no_0131.jpg
../data/Normal/nonDem2319.jpg,../data/Normal/nonDem2219.jpg
../data/Normal/Tr-no_0538.jpg,../data/Normal/Te-no_0321.jpg
../data/Normal/nonDem2331.jpg,../data/Normal/nonDem2431.jpg
../data/Normal/Tr-no_1154.jpg,../data/Normal/Te-no_0345.jpg
../data/Normal/Tr-no_0712.jpg,../data/Normal/Tr-no_1046.jpg
../data/Normal/Tr-no_1424.jpg,../data/Normal/Te-no_0132.jpg
../data/Normal/Tr-no_1381.jpg,../data/Normal/Tr-no_0406.jpg
../data/Normal/Tr-no_0921.jpg,../data/Normal/Tr-no_1041.jpg
../data/Normal/Tr-no_0702.jpg,../data/Normal/Tr-no_1097.jpg
../data/Normal/nonDem1402.jpg,../data/Normal/nonDem1302.jpg
../data/Normal/C-S (771).png,../data/Normal/C-S (875).png
../data/Normal/nonDem1172.jpg,../data/Normal/nonDem1272.jpg
../data/Normal/Tr-no_1178.jpg,../data/Normal/Tr-no_1093.jpg
../data/Normal/Tr-no_0474.jpg,../data/Normal/Tr-no_1334.jpg
../data/Normal/nonDem1012.jpg,../data/Normal/nonDem1112.jpg
../data/Normal/Te-no_0395.jpg,../data/Normal/Tr-no_1352.jpg
../data/Normal/Tr-no_1024.jpg,../data/Normal/Tr-no_1043.jpg
../data/Normal/nonDem2255.jpg,../data/Normal/nonDem2355.jpg
../data/Normal/Tr-no_1030.jpg,../data/Normal/Tr-no_1108.jpg
../data/Normal/Te-no_0168.jpg,../data/Normal/Tr-no_1250.jpg
../data/Normal/C-A (832).png,../data/Normal/C-A (747).png
../data/Normal/Tr-no_1583.jpg,../data/Normal/Tr-no_1357.jpg
../data/Normal/C-S (360).png,../data/Normal/C-S (382).png
../data/Normal/nonDem1589.jpg,../data/Normal/nonDem1689.jpg
../data/Normal/Tr-no_1232.jpg,../data/Normal/Te-no_0356.jpg
../data/Normal/Tr-no_1555.jpg,../data/Normal/Te-no_0337.jpg
../data/Normal/Te-no_0196.jpg,../data/Normal/Te-no_0320.jpg
../data/Normal/Tr-no_1541.jpg,../data/Normal/Tr-no_1323.jpg
../data/Normal/Tr-no_0677.jpg,../data/Normal/Tr-no_0510.jpg
../data/Normal/Tr-no_0105.jpg,../data/Normal/Tr-no_0088.jpg
../data/Normal/C-S (874).png,../data/Normal/C-S (770).png
../data/Normal/nonDem1588.jpg,../data/Normal/nonDem1488.jpg
../data/Normal/C-A (263).png,../data/Normal/C-A (301).png
../data/Normal/C-A (633).png,../data/Normal/C-A (842).png
../data/Normal/Te-no_0380.jpg,../data/Normal/Tr-no_1318.jpg
../data/Normal/Tr-no_0449.jpg,../data/Normal/Te-no_0256.jpg
../data/Normal/Te-no_0394.jpg,../data/Normal/Te-no_0325.jpg
../data/Normal/Tr-no_1025.jpg,../data/Normal/Tr-no_1053.jpg
../data/Normal/C-S (659).png,../data/Normal/C-S (900).png
../data/Normal/Tr-no_1019.jpg,../data/Normal/Tr-no_1197.jpg
../data/Normal/Te-no_0343.jpg,../data/Normal/Te-no_0125.jpg
../data/Normal/C-A (721).png,../data/Normal/C-A (788).png
../data/Normal/Tr-no_1145.jpg,../data/Normal/Tr-no_0172.jpg
../data/Normal/Tr-no_1186.jpg,../data/Normal/Tr-no_0571.jpg
../data/Normal/Te-no_0223.jpg,../data/Normal/Tr-no_1194.jpg
../data/Normal/Tr-no_1192.jpg,../data/Normal/Te-no_0222.jpg
../data/Normal/Tr-no_1421.jpg,../data/Normal/Te-no_0130.jpg
../data/Normal/nonDem2136.jpg,../data/Normal/nonDem2036.jpg
../data/Normal/Tr-no_1435.jpg,../data/Normal/Te-no_0140.jpg
../data/Normal/Tr-no_0717.jpg,../data/Normal/Tr-no_0162.jpg
../data/Normal/Tr-no_1384.jpg,../data/Normal/Tr-no_1495.jpg
../data/Normal/C-S (927).png,../data/Normal/C-S (746).png
../data/Normal/nonDem399.jpg,../data/Normal/nonDem299.jpg
../data/Normal/Tr-no_0926.jpg,../data/Normal/Te-no_0308.jpg
../data/Normal/Tr-no_0701.jpg,../data/Normal/Tr-no_1123.jpg
../data/Normal/Tr-no_0715.jpg,../data/Normal/Te-no_0186.jpg
../data/Normal/nonDem2134.jpg,../data/Normal/nonDem2034.jpg
../data/Normal/Tr-no_1423.jpg,../data/Normal/Tr-no_1209.jpg
../data/Normal/Tr-no_1351.jpg,../data/Normal/Tr-no_0589.jpg
../data/Normal/C-A (740).png,../data/Normal/C-A (825).png
../data/Normal/Tr-no_1190.jpg,../data/Normal/Tr-no_1043.jpg
../data/Normal/Te-no_0221.jpg,../data/Normal/Tr-no_1043.jpg
../data/Normal/Tr-no_0503.jpg,../data/Normal/Tr-no_0808.jpg
../data/Normal/Tr-no_0488.jpg,../data/Normal/Tr-no_1241.jpg
../data/Normal/Te-no_0341.jpg,../data/Normal/Te-no_0122.jpg
../data/Normal/Te-no_0355.jpg,../data/Normal/Te-no_0244.jpg
../data/Normal/C-S (507).png,../data/Normal/C-S (822).png
../data/Normal/Tr-no_0477.jpg,../data/Normal/Te-no_0282.jpg
../data/Normal/Te-no_0382.jpg,../data/Normal/Tr-no_1383.jpg
../data/Normal/Te-no_0396.jpg,../data/Normal/Tr-no_1353.jpg
../data/Normal/Te-no_0143.jpg,../data/Normal/Tr-no_1280.jpg
../data/Normal/Tr-no_1594.jpg,../data/Normal/Tr-no_0588.jpg
../data/Normal/Tr-no_0852.jpg,../data/Normal/Tr-no_1157.jpg
../data/Normal/Te-no_0157.jpg,../data/Normal/Tr-no_1485.jpg
../data/Normal/nonDem1575.jpg,../data/Normal/nonDem1475.jpg
../data/Normal/nonDem1213.jpg,../data/Normal/nonDem1313.jpg
../data/Normal/C-S (383).png,../data/Normal/C-S (361).png
../data/Normal/Tr-no_1219.jpg,../data/Normal/Tr-no_0672.jpg
../data/Normal/Tr-no_1231.jpg,../data/Normal/Tr-no_0439.jpg
../data/Normal/Tr-no_0649.jpg,../data/Normal/Tr-no_1227.jpg
../data/Normal/Tr-no_1225.jpg,../data/Normal/Tr-no_0415.jpg
../data/Normal/Te-no_0195.jpg,../data/Normal/Te-no_0144.jpg
../data/Normal/Tr-no_1556.jpg,../data/Normal/Tr-no_0414.jpg
../data/Normal/Tr-no_0660.jpg,../data/Normal/Tr-no_0475.jpg
../data/Normal/Te-no_0156.jpg,../data/Normal/Tr-no_1333.jpg
../data/Normal/Te-no_0142.jpg,../data/Normal/Tr-no_1278.jpg
../data/Normal/C-S (252).png,../data/Normal/C-S (204).png
../data/Normal/nonDem2257.jpg,../data/Normal/nonDem2157.jpg
../data/Normal/Tr-no_1026.jpg,../data/Normal/Te-no_0308.jpg
../data/Normal/Te-no_0397.jpg,../data/Normal/Tr-no_1356.jpg
../data/Normal/Tr-no_1032.jpg,../data/Normal/Tr-no_0573.jpg
../data/Normal/Te-no_0354.jpg,../data/Normal/Tr-no_0607.jpg
../data/Normal/Tr-no_0516.jpg,../data/Normal/Te-no_0322.jpg
../data/Normal/27 (32).jpg,../data/Normal/nonDem2524.jpg
../data/Normal/Tr-no_1191.jpg,../data/Normal/Tr-no_0748.jpg
../data/Normal/Te-no_0220.jpg,../data/Normal/Tr-no_1021.jpg
../data/Normal/Te-no_0234.jpg,../data/Normal/Tr-no_0664.jpg
../data/Normal/Tr-no_1185.jpg,../data/Normal/Te-no_0219.jpg
../data/Normal/C-A (412).png,../data/Normal/C-A (399).png
../data/Normal/Tr-no_1350.jpg,../data/Normal/Tr-no_1578.jpg
../data/Normal/C-A (296).png,../data/Normal/C-A (258).png
../data/Normal/Tr-no_1422.jpg,../data/Normal/Tr-no_1187.jpg
../data/Normal/Tr-no_0714.jpg,../data/Normal/Te-no_0185.jpg
../data/Normal/Tr-no_0066.jpg,../data/Normal/Tr-no_0979.jpg
../data/Normal/C-S (881).png,../data/Normal/C-S (777).png
../data/Normal/C-S (751).png,../data/Normal/C-S (832).png
../data/Normal/C-A (853).png,../data/Normal/C-A (644).png
../data/Normal/Tr-no_1393.jpg,../data/Normal/Tr-no_0414.jpg
../data/Normal/Tr-no_1387.jpg,../data/Normal/Te-no_0383.jpg
../data/Normal/Tr-no_0902.jpg,../data/Normal/Tr-no_0706.jpg
../data/Normal/C-S (816).png,../data/Normal/C-S (520).png
../data/Normal/Tr-no_0719.jpg,../data/Normal/Tr-no_1544.jpg
../data/Normal/Tr-no_1375.jpg,../data/Normal/Tr-no_0399.jpg
../data/Normal/Tr-no_0725.jpg,../data/Normal/Te-no_0144.jpg
../data/Normal/C-A (743).png,../data/Normal/C-A (828).png
../data/Normal/C-A (313).png,../data/Normal/C-A (275).png
../data/Normal/C-S (841).png,../data/Normal/C-S (760).png
../data/Normal/C-S (904).png,../data/Normal/C-S (663).png
../data/Normal/Tr-no_1188.jpg,../data/Normal/Tr-no_0029.jpg
../data/Normal/Te-no_0239.jpg,../data/Normal/Tr-no_1443.jpg
../data/Normal/Tr-no_1163.jpg,../data/Normal/Tr-no_1194.jpg
../data/Normal/Tr-no_0490.jpg,../data/Normal/Tr-no_1245.jpg
../data/Normal/Tr-no_0484.jpg,../data/Normal/Tr-no_1226.jpg
../data/Normal/C-S (768).png,../data/Normal/C-S (872).png
../data/Normal/Tr-no_1003.jpg,../data/Normal/Tr-no_0029.jpg
../data/Normal/Tr-no_0453.jpg,../data/Normal/Tr-no_1279.jpg
../data/Normal/28 (64).jpg,../data/Normal/27 (64).jpg
../data/Normal/Tr-no_0447.jpg,../data/Normal/Tr-no_1434.jpg
../data/Normal/Te-no_0173.jpg,../data/Normal/Tr-no_0729.jpg
../data/Normal/Tr-no_1215.jpg,../data/Normal/Tr-no_1487.jpg
../data/Normal/Tr-no_1201.jpg,../data/Normal/Tr-no_0039.jpg
../data/Normal/Tr-no_1567.jpg,../data/Normal/Te-no_0123.jpg
../data/Normal/Tr-no_0651.jpg,../data/Normal/Tr-no_1230.jpg
../data/Normal/Tr-no_0889.jpg,../data/Normal/Tr-no_0705.jpg
../data/Normal/Te-no_0198.jpg,../data/Normal/Te-no_0322.jpg
../data/Normal/Tr-no_0645.jpg,../data/Normal/Tr-no_1522.jpg
../data/Normal/Tr-no_0122.jpg,../data/Normal/Tr-no_0374.jpg
../data/Normal/Te-no_0199.jpg,../data/Normal/Tr-no_0729.jpg
../data/Normal/C-A (779).png,../data/Normal/C-A (521).png
../data/Normal/Tr-no_1200.jpg,../data/Normal/Te-no_0226.jpg
../data/Normal/Tr-no_1572.jpg,../data/Normal/Tr-no_0429.jpg
../data/Normal/C-S (251).png,../data/Normal/C-S (224).png
../data/Normal/Te-no_0172.jpg,../data/Normal/Tr-no_1256.jpg
../data/Normal/Tr-no_0877.jpg,../data/Normal/Tr-no_0176.jpg
../data/Normal/Te-no_0166.jpg,../data/Normal/Tr-no_1244.jpg
../data/Normal/Tr-no_0446.jpg,../data/Normal/Tr-no_0957.jpg
../data/Normal/C-A (391).png,../data/Normal/C-A (423).png
../data/Normal/Tr-no_1002.jpg,../data/Normal/Tr-no_0571.jpg
../data/Normal/Tr-no_1016.jpg,../data/Normal/Tr-no_0158.jpg
../data/Normal/Te-no_0358.jpg,../data/Normal/Te-no_0233.jpg
../data/Normal/Te-no_0370.jpg,../data/Normal/Te-no_0254.jpg
../data/Normal/Te-no_0364.jpg,../data/Normal/Tr-no_1240.jpg
../data/Normal/C-A (738).png,../data/Normal/C-A (823).png
../data/Normal/Tr-no_1176.jpg,../data/Normal/Te-no_0131.jpg
../data/Normal/Tr-no_1189.jpg,../data/Normal/Tr-no_1021.jpg
../data/Normal/C-S (210).png,../data/Normal/C-S (258).png
../data/Normal/C-S (355).png,../data/Normal/C-S (377).png
../data/Normal/Tr-no_1406.jpg,../data/Normal/Te-no_0123.jpg
../data/Normal/C-S (752).png,../data/Normal/C-S (833).png
../data/Normal/Te-no_0010.jpg,../data/Normal/Tr-no_0080.jpg
../data/Normal/Tr-no_1389.jpg,../data/Normal/Tr-no_0412.jpg
../data/Normal/C-A (718).png,../data/Normal/C-A (785).png
../data/Normal/Te-no_0206.jpg,../data/Normal/Tr-no_1085.jpg
../data/Normal/Te-no_0212.jpg,../data/Normal/Tr-no_0489.jpg
../data/Normal/C-S (267).png,../data/Normal/C-S (219).png
../data/Normal/Tr-no_0518.jpg,../data/Normal/Tr-no_1468.jpg
../data/Normal/Tr-no_1160.jpg,../data/Normal/Tr-no_1041.jpg
../data/Normal/Tr-no_1148.jpg,../data/Normal/Tr-no_0997.jpg
../data/Normal/Tr-no_0524.jpg,../data/Normal/Tr-no_1554.jpg
../data/Normal/C-S (764).png,../data/Normal/C-S (845).png
../data/Normal/Te-no_0400.jpg,../data/Normal/Tr-no_1361.jpg
../data/Normal/Tr-no_0487.jpg,../data/Normal/Tr-no_1482.jpg
../data/Normal/Tr-no_0493.jpg,../data/Normal/Tr-no_1251.jpg
../data/Normal/Tr-no_1000.jpg,../data/Normal/Tr-no_0564.jpg
../data/Normal/Tr-no_0478.jpg,../data/Normal/Te-no_0322.jpg
../data/Normal/C-S (508).png,../data/Normal/C-S (823).png
../data/Normal/Tr-no_1014.jpg,../data/Normal/Tr-no_0308.jpg
../data/Normal/Tr-no_1028.jpg,../data/Normal/Tr-no_1342.jpg
../data/Normal/C-S (363).png,../data/Normal/C-S (385).png
../data/Normal/Tr-no_0685.jpg,../data/Normal/Tr-no_1493.jpg
../data/Normal/Tr-no_1202.jpg,../data/Normal/Tr-no_0475.jpg
../data/Normal/Tr-no_0134.jpg,../data/Normal/Tr-no_0367.jpg
../data/Normal/28 (44).jpg,../data/Normal/29 (44).jpg
../data/Normal/Tr-no_1559.jpg,../data/Normal/Tr-no_1397.jpg
../data/Normal/Tr-no_0647.jpg,../data/Normal/Tr-no_1527.jpg
../data/Normal/Tr-no_0109.jpg,../data/Normal/Te-no_0211.jpg
../data/Normal/C-A (519).png,../data/Normal/C-A (777).png
../data/Normal/Tr-no_1217.jpg,../data/Normal/Tr-no_1486.jpg
../data/Normal/Tr-no_1571.jpg,../data/Normal/Tr-no_1412.jpg
../data/Normal/Tr-no_1565.jpg,../data/Normal/Te-no_0122.jpg
../data/Normal/C-S (748).png,../data/Normal/C-S (829).png
../data/Normal/C-S (932).png,../data/Normal/C-S (741).png
../data/Normal/Te-no_0165.jpg,../data/Normal/Tr-no_1240.jpg
../data/Normal/Te-no_0171.jpg,../data/Normal/Tr-no_0692.jpg
../data/Normal/Tr-no_0451.jpg,../data/Normal/Tr-no_1336.jpg
../data/Normal/Tr-no_1029.jpg,../data/Normal/Tr-no_1437.jpg
../data/Normal/Tr-no_0337.jpg,../data/Normal/Tr-no_0062.jpg
../data/Normal/Tr-no_1015.jpg,../data/Normal/Te-no_0211.jpg
../data/Normal/Tr-no_1001.jpg,../data/Normal/Tr-no_0282.jpg
../data/Normal/Tr-no_0479.jpg,../data/Normal/Tr-no_1486.jpg
../data/Normal/Tr-no_0492.jpg,../data/Normal/Tr-no_0728.jpg
../data/Normal/Tr-no_0486.jpg,../data/Normal/Tr-no_1237.jpg
../data/Normal/Te-no_0367.jpg,../data/Normal/Te-no_0293.jpg
../data/Normal/Te-no_0373.jpg,../data/Normal/Tr-no_1279.jpg
../data/Normal/Tr-no_0519.jpg,../data/Normal/Te-no_0365.jpg
../data/Normal/Tr-no_1161.jpg,../data/Normal/Tr-no_0571.jpg
../data/Normal/Tr-no_1175.jpg,../data/Normal/Tr-no_0176.jpg
../data/Normal/Tr-no_0280.jpg,../data/Normal/Tr-no_0943.jpg
../data/Normal/Tr-no_0294.jpg,../data/Normal/Tr-no_1043.jpg
../data/Normal/Te-no_0213.jpg,../data/Normal/Tr-no_1040.jpg
../data/Normal/C-S (79).png,../data/Normal/C-A (165).png
../data/Normal/Tr-no_0727.jpg,../data/Normal/Te-no_0154.jpg
../data/Normal/Tr-no_1439.jpg,../data/Normal/Te-no_0238.jpg
../data/Normal/C-S (924).png,../data/Normal/C-S (727).png
../data/Normal/Tr-no_0914.jpg,../data/Normal/Te-no_0211.jpg
../data/Normal/Tr-no_1415.jpg,../data/Normal/Te-no_0344.jpg
../data/Normal/Tr-no_1401.jpg,../data/Normal/Te-no_0121.jpg
../data/Normal/Tr-no_0079.jpg,../data/Normal/Tr-no_0043.jpg
../data/Normal/Tr-no_1367.jpg,../data/Normal/Te-no_0403.jpg
../data/Normal/Tr-no_0290.jpg,../data/Normal/Te-no_0079.jpg
../data/Normal/Te-no_0203.jpg,../data/Normal/Tr-no_0415.jpg
../data/Normal/C-S (837).png,../data/Normal/C-S (756).png
../data/Normal/Te-no_0217.jpg,../data/Normal/Tr-no_1037.jpg
../data/Normal/Tr-no_0535.jpg,../data/Normal/Tr-no_0726.jpg
../data/Normal/C-S (358).png,../data/Normal/C-S (380).png
../data/Normal/Tr-no_0496.jpg,../data/Normal/Te-no_0297.jpg
../data/Normal/Te-no_0377.jpg,../data/Normal/Tr-no_1308.jpg
../data/Normal/Te-no_0363.jpg,../data/Normal/Te-no_0269.jpg
../data/Normal/Tr-no_1005.jpg,../data/Normal/Tr-no_1142.jpg
../data/Normal/C-A (261).png,../data/Normal/C-A (299).png
../data/Normal/Te-no_0149.jpg,../data/Normal/Te-no_0320.jpg
../data/Normal/C-S (933).png,../data/Normal/C-S (740).png
../data/Normal/C-S (899).png,../data/Normal/C-S (658).png
../data/Normal/Tr-no_0864.jpg,../data/Normal/Te-no_0210.jpg
../data/Normal/C-S (876).png,../data/Normal/C-S (772).png
../data/Normal/Te-no_0161.jpg,../data/Normal/Tr-no_0674.jpg
../data/Normal/Tr-no_1207.jpg,../data/Normal/Tr-no_1485.jpg
../data/Normal/Tr-no_1206.jpg,../data/Normal/Tr-no_0667.jpg
../data/Normal/Tr-no_1548.jpg,../data/Normal/Tr-no_1386.jpg
../data/Normal/Tr-no_0130.jpg,../data/Normal/Tr-no_0371.jpg
../data/Normal/Te-no_0148.jpg,../data/Normal/Te-no_0255.jpg
../data/Normal/Tr-no_0681.jpg,../data/Normal/Te-no_0366.jpg
../data/Normal/nonDem2513.jpg,../data/Normal/27 (22).jpg
../data/Normal/Tr-no_1004.jpg,../data/Normal/Tr-no_1021.jpg
../data/Normal/Tr-no_0454.jpg,../data/Normal/Tr-no_1518.jpg
../data/Normal/Te-no_0362.jpg,../data/Normal/Tr-no_0832.jpg
../data/Normal/Te-no_0376.jpg,../data/Normal/Tr-no_0521.jpg
../data/Normal/nonDem966.jpg,../data/Normal/nonDem1266.jpg
../data/Normal/Tr-no_0497.jpg,../data/Normal/Tr-no_1255.jpg
../data/Normal/Te-no_0216.jpg,../data/Normal/Tr-no_1124.jpg
../data/Normal/C-A (522).png,../data/Normal/C-A (780).png
../data/Normal/C-S (266).png,../data/Normal/C-S (218).png
../data/Normal/Tr-no_1372.jpg,../data/Normal/Tr-no_0398.jpg
../data/Normal/Tr-no_1414.jpg,../data/Normal/Tr-no_0429.jpg
../data/Normal/Tr-no_0722.jpg,../data/Normal/Tr-no_0532.jpg
../data/Normal/C-A (826).png,../data/Normal/C-A (741).png
../data/Normal/Tr-no_0939.jpg,../data/Normal/Tr-no_1446.jpg
../data/Normal/Tr-no_0907.jpg,../data/Normal/Tr-no_1386.jpg
../data/Normal/Tr-no_0046.jpg,../data/Normal/Tr-no_1093.jpg
../data/Normal/Tr-no_1358.jpg,../data/Normal/Tr-no_1584.jpg
../data/Normal/C-A (781).png,../data/Normal/C-A (523).png
../data/Normal/Tr-no_0720.jpg,../data/Normal/Tr-no_1554.jpg
../data/Normal/Tr-no_1199.jpg,../data/Normal/Tr-no_1020.jpg
../data/Normal/nonDem1839.jpg,../data/Normal/nonDem1739.jpg
../data/Normal/Te-no_0228.jpg,../data/Normal/Tr-no_1455.jpg
../data/Normal/C-S (354).png,../data/Normal/C-S (376).png
../data/Normal/Te-no_0214.jpg,../data/Normal/Tr-no_0564.jpg
../data/Normal/C-A (739).png,../data/Normal/C-A (824).png
../data/Normal/Tr-no_1172.jpg,../data/Normal/Tr-no_0943.jpg
../data/Normal/C-S (657).png,../data/Normal/C-S (898).png
../data/Normal/Te-no_0348.jpg,../data/Normal/Te-no_0136.jpg
../data/Normal/C-A (406).png,../data/Normal/C-A (419).png
../data/Normal/Tr-no_0456.jpg,../data/Normal/Tr-no_1282.jpg
../data/Normal/C-A (390).png,../data/Normal/C-A (422).png
../data/Normal/Tr-no_0442.jpg,../data/Normal/Tr-no_1427.jpg
../data/Normal/Tr-no_1012.jpg,../data/Normal/Tr-no_1152.jpg
../data/Normal/Tr-no_0697.jpg,../data/Normal/Tr-no_1446.jpg
../data/Normal/C-S (250).png,../data/Normal/C-S (223).png
../data/Normal/C-S (745).png,../data/Normal/C-S (928).png
../data/Normal/Tr-no_0898.jpg,../data/Normal/Tr-no_1124.jpg
../data/Normal/Tr-no_0126.jpg,../data/Normal/Tr-no_0367.jpg
../data/Normal/Tr-no_1210.jpg,../data/Normal/Te-no_0282.jpg
../data/Normal/Tr-no_0668.jpg,../data/Normal/Te-no_0158.jpg
../data/Normal/Tr-no_1562.jpg,../data/Normal/Te-no_0121.jpg
../data/Normal/Tr-no_1204.jpg,../data/Normal/Tr-no_0662.jpg
../data/Normal/Tr-no_1563.jpg,../data/Normal/Tr-no_0525.jpg
../data/Normal/Tr-no_1211.jpg,../data/Normal/Te-no_0158.jpg
../data/Normal/Tr-no_1577.jpg,../data/Normal/Tr-no_1349.jpg
../data/Normal/Tr-no_0669.jpg,../data/Normal/Tr-no_1214.jpg
../data/Normal/nonDem2048.jpg,../data/Normal/nonDem2248.jpg
../data/Normal/Tr-no_0655.jpg,../data/Normal/Tr-no_1237.jpg
../data/Normal/Te-no_0177.jpg,../data/Normal/Te-no_0287.jpg
../data/Normal/C-A (646).png,../data/Normal/C-A (855).png
../data/Normal/Tr-no_0696.jpg,../data/Normal/Tr-no_0643.jpg
../data/Normal/Tr-no_1588.jpg,../data/Normal/Tr-no_1362.jpg
../data/Normal/Tr-no_1007.jpg,../data/Normal/Tr-no_1087.jpg
../data/Normal/Tr-no_0457.jpg,../data/Normal/Te-no_0368.jpg
../data/Normal/Te-no_0349.jpg,../data/Normal/Tr-no_0445.jpg
../data/Normal/Tr-no_0480.jpg,../data/Normal/Tr-no_1218.jpg
../data/Normal/Tr-no_0494.jpg,../data/Normal/Tr-no_0689.jpg
../data/Normal/nonDem1794.jpg,../data/Normal/nonDem1894.jpg
../data/Normal/Tr-no_1167.jpg,../data/Normal/Tr-no_0175.jpg
../data/Normal/Tr-no_0537.jpg,../data/Normal/Te-no_0154.jpg
../data/Normal/Tr-no_0523.jpg,../data/Normal/Te-no_0200.jpg
../data/Normal/C-A (742).png,../data/Normal/C-A (827).png
../data/Normal/C-S (513).png,../data/Normal/C-S (828).png
../data/Normal/Tr-no_0292.jpg,../data/Normal/Tr-no_0573.jpg
../data/Normal/nonDem1838.jpg,../data/Normal/nonDem1738.jpg
../data/Normal/C-A (257).png,../data/Normal/C-A (295).png
../data/Normal/Tr-no_1417.jpg,../data/Normal/Te-no_0127.jpg
../data/Normal/Tr-no_1403.jpg,../data/Normal/Te-no_0387.jpg
../data/Normal/Tr-no_0721.jpg,../data/Normal/Tr-no_0528.jpg
../data/Normal/C-S (817).png,../data/Normal/C-S (521).png
../data/Normal/Tr-no_0961.jpg,../data/Normal/Tr-no_1575.jpg
../data/Normal/C-A (821).png,../data/Normal/C-A (736).png
../data/Normal/C-S (373).png,../data/Normal/C-S (395).png
../data/Normal/Tr-no_0975.jpg,../data/Normal/Te-no_0309.jpg
../data/Normal/Te-no_0064.jpg,../data/Normal/Tr-no_1093.jpg
../data/Normal/C-S (666).png,../data/Normal/C-S (907).png
../data/Normal/Tr-no_0791.jpg,../data/Normal/Tr-no_1085.jpg
../data/Normal/nonDem1491.jpg,../data/Normal/nonDem1391.jpg
../data/Normal/Tr-no_1302.jpg,../data/Normal/Te-no_0254.jpg
../data/Normal/Tr-no_1470.jpg,../data/Normal/Tr-no_0599.jpg
../data/Normal/Tr-no_1316.jpg,../data/Normal/Tr-no_1537.jpg
../data/Normal/nonDem1334.jpg,../data/Normal/nonDem1434.jpg
../data/Normal/Tr-no_0034.jpg,../data/Normal/Tr-no_1020.jpg
../data/Normal/C-S (774).png,../data/Normal/C-S (878).png
../data/Normal/Te-no_0272.jpg,../data/Normal/Tr-no_1235.jpg
../data/Normal/Te-no_0266.jpg,../data/Normal/Te-no_0323.jpg
../data/Normal/C-S (261).png,../data/Normal/C-S (213).png
../data/Normal/Tr-no_0578.jpg,../data/Normal/Tr-no_1195.jpg
../data/Normal/C-S (518).png,../data/Normal/C-S (815).png
../data/Normal/27 (40).jpg,../data/Normal/nonDem2533.jpg
../data/Normal/Te-no_0299.jpg,../data/Normal/Tr-no_1342.jpg
../data/Normal/Tr-no_0550.jpg,../data/Normal/Tr-no_0766.jpg
../data/Normal/Te-no_0306.jpg,../data/Normal/Tr-no_1157.jpg
../data/Normal/Te-no_0312.jpg,../data/Normal/Te-no_0184.jpg
../data/Normal/C-S (762).png,../data/Normal/C-S (843).png
../data/Normal/Tr-no_0395.jpg,../data/Normal/Tr-no_1037.jpg
../data/Normal/Tr-no_1074.jpg,../data/Normal/Tr-no_0992.jpg
../data/Normal/nonDem1718.jpg,../data/Normal/nonDem1618.jpg
../data/Normal/nonDem1730.jpg,../data/Normal/nonDem1830.jpg
../data/Normal/Tr-no_0342.jpg,../data/Normal/Tr-no_0053.jpg
../data/Normal/Tr-no_0424.jpg,../data/Normal/Te-no_0342.jpg
../data/Normal/C-S (735).png,../data/Normal/C-S (916).png
../data/Normal/C-A (837).png,../data/Normal/C-A (628).png
../data/Normal/Tr-no_0801.jpg,../data/Normal/Tr-no_1257.jpg
../data/Normal/Te-no_0110.jpg,../data/Normal/Tr-no_0528.jpg
../data/Normal/Tr-no_0197.jpg,../data/Normal/Tr-no_1041.jpg
../data/Normal/Te-no_0138.jpg,../data/Normal/Tr-no_0956.jpg
../data/Normal/C-S (670).png,../data/Normal/C-S (911).png
../data/Normal/Tr-no_0183.jpg,../data/Normal/Tr-no_0706.jpg
../data/Normal/Tr-no_1276.jpg,../data/Normal/Tr-no_0616.jpg
../data/Normal/Tr-no_0632.jpg,../data/Normal/Tr-no_0452.jpg
../data/Normal/Tr-no_0626.jpg,../data/Normal/Tr-no_0461.jpg
../data/Normal/Tr-no_1539.jpg,../data/Normal/Tr-no_1322.jpg
../data/Normal/Tr-no_0627.jpg,../data/Normal/Tr-no_1574.jpg
../data/Normal/Tr-no_0633.jpg,../data/Normal/Tr-no_1279.jpg
../data/Normal/Tr-no_1263.jpg,../data/Normal/Tr-no_0504.jpg
../data/Normal/Tr-no_1511.jpg,../data/Normal/Tr-no_1277.jpg
../data/Normal/C-A (266).png,../data/Normal/C-A (304).png
../data/Normal/Te-no_0139.jpg,../data/Normal/Tr-no_0534.jpg
../data/Normal/nonDem1296.jpg,../data/Normal/nonDem1396.jpg
../data/Normal/Tr-no_0828.jpg,../data/Normal/Tr-no_1134.jpg
../data/Normal/C-A (636).png,../data/Normal/C-A (845).png
../data/Normal/Te-no_0111.jpg,../data/Normal/Tr-no_1380.jpg
../data/Normal/Tr-no_0425.jpg,../data/Normal/Tr-no_0532.jpg
../data/Normal/28 (15).jpg,../data/Normal/29 (15).jpg
../data/Normal/Tr-no_1049.jpg,../data/Normal/Tr-no_0574.jpg
../data/Normal/nonDem730.jpg,../data/Normal/nonDem630.jpg
../data/Normal/Tr-no_0419.jpg,../data/Normal/Tr-no_1399.jpg
../data/Normal/Tr-no_1075.jpg,../data/Normal/Tr-no_0700.jpg
../data/Normal/Te-no_0307.jpg,../data/Normal/Te-no_0211.jpg
../data/Normal/Te-no_0298.jpg,../data/Normal/Tr-no_0498.jpg
../data/Normal/Tr-no_0551.jpg,../data/Normal/Tr-no_0700.jpg
../data/Normal/Tr-no_0545.jpg,../data/Normal/Tr-no_0695.jpg
../data/Normal/Tr-no_1115.jpg,../data/Normal/Tr-no_0643.jpg
../data/Normal/Tr-no_0579.jpg,../data/Normal/Tr-no_1197.jpg
../data/Normal/Tr-no_1101.jpg,../data/Normal/Tr-no_0910.jpg
../data/Normal/C-S (830).png,../data/Normal/C-S (749).png
../data/Normal/C-A (732).png,../data/Normal/C-A (799).png
../data/Normal/Tr-no_0753.jpg,../data/Normal/Tr-no_1118.jpg
../data/Normal/Tr-noTr_0006.jpg,../data/Normal/Tr-no_1054.jpg
../data/Normal/Tr-no_0035.jpg,../data/Normal/Tr-no_1022.jpg
../data/Normal/Tr-no_0747.jpg,../data/Normal/Tr-no_0573.jpg
../data/Normal/Tr-no_1317.jpg,../data/Normal/Tr-no_0468.jpg
../data/Normal/Tr-no_1465.jpg,../data/Normal/Tr-no_0593.jpg
../data/Normal/C-S (758).png,../data/Normal/C-S (839).png
../data/Normal/C-S (888).png,../data/Normal/C-S (784).png
../data/Normal/Tr-no_0948.jpg,../data/Normal/Tr-no_0438.jpg
../data/Normal/Tr-no_0790.jpg,../data/Normal/Tr-no_1244.jpg
../data/Normal/C-A (270).png,../data/Normal/C-A (308).png
../data/Normal/C-S (922).png,../data/Normal/C-S (729).png
../data/Normal/Tr-no_1467.jpg,../data/Normal/Te-no_0235.jpg
../data/Normal/Tr-no_1301.jpg,../data/Normal/Te-no_0253.jpg
../data/Normal/Tr-no_1329.jpg,../data/Normal/Tr-no_0853.jpg
../data/Normal/C-S (514).png,../data/Normal/C-S (810).png
../data/Normal/C-A (745).png,../data/Normal/C-A (830).png
../data/Normal/C-S (847).png,../data/Normal/C-S (766).png
../data/Normal/No Tumor 99.jpg,../data/Normal/No Tumor 83.jpg
../data/Normal/Te-no_0259.jpg,../data/Normal/Tr-no_1278.jpg
../data/Normal/Tr-no_0584.jpg,../data/Normal/Tr-no_1453.jpg
../data/Normal/nonDem2372.jpg,../data/Normal/nonDem2272.jpg
../data/Normal/C-S (778).png,../data/Normal/C-S (882).png
../data/Normal/No Tumor 72.jpg,../data/Normal/No Tumor 108.jpg
../data/Normal/Tr-no_0553.jpg,../data/Normal/Tr-no_1100.jpg
../data/Normal/Tr-no_0221.jpg,../data/Normal/Tr-no_0876.jpg
../data/Normal/Tr-no_0547.jpg,../data/Normal/Tr-no_0158.jpg
../data/Normal/Te-no_0311.jpg,../data/Normal/Tr-no_1053.jpg
../data/Normal/nonDem1082.jpg,../data/Normal/nonDem1182.jpg
../data/Normal/C-S (914).png,../data/Normal/C-S (673).png
../data/Normal/Te-no_0339.jpg,../data/Normal/Te-no_0119.jpg
../data/Normal/Tr-no_1077.jpg,../data/Normal/Tr-no_1197.jpg
../data/Normal/Tr-no_0427.jpg,../data/Normal/Tr-no_1413.jpg
../data/Normal/Tr-no_0433.jpg,../data/Normal/Te-no_0318.jpg
../data/Normal/Te-no_0113.jpg,../data/Normal/Tr-no_1386.jpg
../data/Normal/Tr-no_0816.jpg,../data/Normal/Tr-no_1100.jpg
../data/Normal/Tr-no_1261.jpg,../data/Normal/Te-no_0174.jpg
../data/Normal/nonDem1519.jpg,../data/Normal/nonDem1619.jpg
../data/Normal/Tr-no_1507.jpg,../data/Normal/Te-no_0255.jpg
../data/Normal/Tr-no_1513.jpg,../data/Normal/Tr-no_0452.jpg
../data/Normal/Tr-no_0625.jpg,../data/Normal/Tr-no_1303.jpg
../data/Normal/Tr-no_1249.jpg,../data/Normal/Te-no_0167.jpg
../data/Normal/C-A (790).png,../data/Normal/C-A (723).png
../data/Normal/Tr-no_0142.jpg,../data/Normal/Tr-no_1046.jpg
../data/Normal/Tr-no_1512.jpg,../data/Normal/Tr-no_1278.jpg
../data/Normal/nonDem531.jpg,../data/Normal/nonDem631.jpg
../data/Normal/Tr-no_1506.jpg,../data/Normal/Tr-no_0520.jpg
../data/Normal/Tr-no_0618.jpg,../data/Normal/Tr-no_1495.jpg
../data/Normal/C-S (257).png,../data/Normal/C-S (209).png
../data/Normal/Te-no_0106.jpg,../data/Normal/Te-no_0332.jpg
../data/Normal/C-A (840).png,../data/Normal/C-A (631).png
../data/Normal/Tr-no_0426.jpg,../data/Normal/Tr-no_1409.jpg
../data/Normal/C-A (397).png,../data/Normal/C-A (410).png
../data/Normal/Tr-no_0340.jpg,../data/Normal/Tr-no_1093.jpg
../data/Normal/Tr-no_1076.jpg,../data/Normal/Tr-no_0575.jpg
../data/Normal/C-A (728).png,../data/Normal/C-A (795).png
../data/Normal/nonDem1068.jpg,../data/Normal/nonDem1168.jpg
../data/Normal/C-A (401).png,../data/Normal/C-A (414).png
../data/Normal/Te-no_0338.jpg,../data/Normal/Tr-no_0416.jpg
../data/Normal/Te-no_0304.jpg,../data/Normal/Tr-no_1295.jpg
../data/Normal/Te-no_0310.jpg,../data/Normal/Tr-no_0564.jpg
../data/Normal/Tr-no_0546.jpg,../data/Normal/Tr-no_0495.jpg
../data/Normal/Tr-no_0552.jpg,../data/Normal/Tr-no_0803.jpg
../data/Normal/No Tumor 73.jpg,../data/Normal/No Tumor 109.jpg
../data/Normal/nonDem2401.jpg,../data/Normal/26 (100).jpg
../data/Normal/nonDem647.jpg,../data/Normal/nonDem547.jpg
../data/Normal/Te-no_0258.jpg,../data/Normal/Tr-no_1277.jpg
../data/Normal/nonDem860.jpg,../data/Normal/nonDem1578.jpg
../data/Normal/Tr-no_0022.jpg,../data/Normal/Tr-no_0243.jpg
../data/Normal/nonDem2159.jpg,../data/Normal/nonDem2259.jpg
../data/Normal/Tr-no_0036.jpg,../data/Normal/Te-no_0226.jpg
../data/Normal/Tr-no_0988.jpg,../data/Normal/Tr-no_0564.jpg
../data/Normal/Tr-no_0778.jpg,../data/Normal/Tr-no_0700.jpg
../data/Normal/Tr-no_1466.jpg,../data/Normal/Tr-no_0664.jpg
../data/Normal/Tr-no_1472.jpg,../data/Normal/Tr-no_0776.jpg
../data/Normal/Tr-no_1499.jpg,../data/Normal/Tr-no_1293.jpg
../data/Normal/C-S (754).png,../data/Normal/C-S (835).png
../data/Normal/Tr-no_0797.jpg,../data/Normal/Tr-no_0748.jpg
../data/Normal/Tr-no_1489.jpg,../data/Normal/Tr-no_0510.jpg
../data/Normal/nonDem1483.jpg,../data/Normal/nonDem1583.jpg
../data/Normal/C-S (755).png,../data/Normal/C-S (836).png
../data/Normal/Tr-no_0973.jpg,../data/Normal/Tr-no_0706.jpg
../data/Normal/Te-no_0076.jpg,../data/Normal/Te-no_0023.jpg
../data/Normal/Tr-no_0754.jpg,../data/Normal/Te-no_0360.jpg
../data/Normal/C-A (787).png,../data/Normal/C-A (720).png
../data/Normal/Tr-no_0026.jpg,../data/Normal/Tr-no_0932.jpg
../data/Normal/Tr-no_1338.jpg,../data/Normal/Te-no_0264.jpg
../data/Normal/Tr-no_0998.jpg,../data/Normal/Tr-no_0571.jpg
../data/Normal/Tr-no_1462.jpg,../data/Normal/Te-no_0232.jpg
../data/Normal/C-S (217).png,../data/Normal/C-S (265).png
../data/Normal/No Tumor 88.jpg,../data/Normal/No Tumor 107.jpg
../data/Normal/nonDem1859.jpg,../data/Normal/nonDem1759.jpg
../data/Normal/nonDem694.jpg,../data/Normal/nonDem794.jpg
../data/Normal/nonDem1656.jpg,../data/Normal/nonDem1756.jpg
../data/Normal/Tr-no_0542.jpg,../data/Normal/Tr-no_1121.jpg
../data/Normal/Tr-no_1112.jpg,../data/Normal/Tr-no_1100.jpg
../data/Normal/C-A (400).png,../data/Normal/C-A (413).png
../data/Normal/Te-no_0314.jpg,../data/Normal/Tr-no_0520.jpg
../data/Normal/Te-no_0300.jpg,../data/Normal/Tr-no_0495.jpg
../data/Normal/Tr-no_0436.jpg,../data/Normal/Tr-no_1187.jpg
../data/Normal/C-A (396).png,../data/Normal/C-A (409).png
../data/Normal/C-S (256).png,../data/Normal/C-S (208).png
../data/Normal/Tr-no_0807.jpg,../data/Normal/Tr-no_1020.jpg
../data/Normal/Te-no_0116.jpg,../data/Normal/Te-no_0384.jpg
../data/Normal/C-S (743).png,../data/Normal/C-S (930).png
../data/Normal/C-S (893).png,../data/Normal/C-S (789).png
../data/Normal/Tr-no_0620.jpg,../data/Normal/Tr-no_1363.jpg
../data/Normal/Tr-no_1258.jpg,../data/Normal/Tr-no_0500.jpg
../data/Normal/Tr-no_0146.jpg,../data/Normal/Tr-no_0048.jpg
../data/Normal/Tr-no_0634.jpg,../data/Normal/Tr-no_1280.jpg
../data/Normal/Tr-no_1264.jpg,../data/Normal/Tr-no_0505.jpg
../data/Normal/Tr-no_1270.jpg,../data/Normal/Tr-no_1510.jpg
../data/Normal/Tr-no_0608.jpg,../data/Normal/Tr-no_1451.jpg
../data/Normal/Tr-no_1516.jpg,../data/Normal/Te-no_0187.jpg
../data/Normal/26 (98).jpg,../data/Normal/nonDem2497.jpg
../data/Normal/Tr-no_1271.jpg,../data/Normal/Tr-no_0694.jpg
../data/Normal/C-S (368).png,../data/Normal/C-S (390).png
../data/Normal/Tr-no_1503.jpg,../data/Normal/Te-no_0253.jpg
../data/Normal/Tr-no_1265.jpg,../data/Normal/Tr-no_1427.jpg
../data/Normal/C-S (387).png,../data/Normal/C-S (365).png
../data/Normal/nonDem1253.jpg,../data/Normal/nonDem1353.jpg
../data/Normal/nonDem29.jpg,../data/Normal/nonDem129.jpg
../data/Normal/Tr-no_0806.jpg,../data/Normal/Te-no_0174.jpg
../data/Normal/Te-no_0117.jpg,../data/Normal/Tr-no_1392.jpg
../data/Normal/C-A (640).png,../data/Normal/C-A (849).png
../data/Normal/Tr-no_0190.jpg,../data/Normal/Tr-no_1446.jpg
../data/Normal/nonDem1723.jpg,../data/Normal/nonDem1823.jpg
../data/Normal/C-S (780).png,../data/Normal/C-S (884).png
../data/Normal/Tr-no_0423.jpg,../data/Normal/Tr-no_1405.jpg
../data/Normal/C-A (302).png,../data/Normal/C-A (264).png
../data/Normal/Te-no_0301.jpg,../data/Normal/Tr-no_0158.jpg
../data/Normal/Te-no_0315.jpg,../data/Normal/Te-no_0187.jpg
../data/Normal/nonDem1092.jpg,../data/Normal/nonDem1192.jpg
../data/Normal/Te-no_0329.jpg,../data/Normal/Te-no_0285.jpg
../data/Normal/Tr-no_0225.jpg,../data/Normal/Tr-no_0887.jpg
../data/Normal/nonDem1657.jpg,../data/Normal/nonDem1557.jpg
../data/Normal/Te-no_0275.jpg,../data/Normal/Te-no_0207.jpg
../data/Normal/Te-no_0261.jpg,../data/Normal/Tr-no_1518.jpg
../data/Normal/C-A (744).png,../data/Normal/C-A (829).png
../data/Normal/C-S (846).png,../data/Normal/C-S (765).png
../data/Normal/No Tumor 89.jpg,../data/Normal/No Tumor 95.jpg
../data/Normal/Tr-no_0580.jpg,../data/Normal/Tr-no_1020.jpg
../data/Normal/Tr-no_0594.jpg,../data/Normal/Te-no_0359.jpg
../data/Normal/Tr-no_1305.jpg,../data/Normal/Te-no_0255.jpg
../data/Normal/Tr-no_1463.jpg,../data/Normal/Tr-no_1066.jpg
../data/Normal/Tr-no_0027.jpg,../data/Normal/Tr-no_0575.jpg
../data/Normal/nonDem1441.jpg,../data/Normal/nonDem1341.jpg
../data/Normal/Tr-no_0999.jpg,../data/Normal/Te-no_0219.jpg
../data/Normal/Te-no_0077.jpg,../data/Normal/Tr-no_0048.jpg
../data/Normal/C-S (811).png,../data/Normal/C-S (515).png
../data/Normal/Tr-no_0972.jpg,../data/Normal/Tr-no_0162.jpg
../data/Normal/30 (95).jpg,../data/Normal/29 (95).jpg
../data/Normal/C-S (889).png,../data/Normal/C-S (785).png
../data/Normal/Tr-no_0743.jpg,../data/Normal/Te-no_0235.jpg
../data/Normal/Tr-no_0025.jpg,../data/Normal/Tr-no_0987.jpg
../data/Normal/Tr-no_1307.jpg,../data/Normal/Te-no_0265.jpg
../data/Normal/Tr-no_1313.jpg,../data/Normal/Te-no_0378.jpg
../data/Normal/Tr-no_1475.jpg,../data/Normal/Tr-no_0799.jpg
../data/Normal/C-S (759).png,../data/Normal/C-S (840).png
../data/Normal/Tr-no_0582.jpg,../data/Normal/Tr-no_1246.jpg
../data/Normal/Te-no_0277.jpg,../data/Normal/Tr-no_1241.jpg
../data/Normal/C-S (831).png,../data/Normal/C-S (750).png
../data/Normal/C-A (733).png,../data/Normal/C-A (800).png
../data/Normal/nonDem668.jpg,../data/Normal/nonDem568.jpg
../data/Normal/Tr-no_0227.jpg,../data/Normal/Tr-no_1124.jpg
../data/Normal/Tr-no_0541.jpg,../data/Normal/Tr-no_0515.jpg
../data/Normal/Tr-no_1105.jpg,../data/Normal/Te-no_0208.jpg
../data/Normal/No Tumor 74.jpg,../data/Normal/No Tumor 86.jpg
../data/Normal/Tr-no_0569.jpg,../data/Normal/Tr-no_0932.jpg
../data/Normal/Tr-no_1111.jpg,../data/Normal/Tr-no_0887.jpg
../data/Normal/Tr-no_0390.jpg,../data/Normal/Tr-no_0094.jpg
../data/Normal/Te-no_0303.jpg,../data/Normal/Tr-no_0766.jpg
../data/Normal/C-A (725).png,../data/Normal/C-A (792).png
../data/Normal/Te-no_0317.jpg,../data/Normal/Te-no_0190.jpg
../data/Normal/Tr-no_0421.jpg,../data/Normal/Tr-no_1404.jpg
../data/Normal/27 (3).jpg,../data/Normal/nonDem2521.jpg
../data/Normal/Tr-no_1065.jpg,../data/Normal/Te-no_0222.jpg
../data/Normal/C-A (267).png,../data/Normal/C-A (305).png
../data/Normal/Tr-no_0810.jpg,../data/Normal/Tr-no_1476.jpg
../data/Normal/Te-no_0115.jpg,../data/Normal/Tr-no_1388.jpg
../data/Normal/C-S (523).png,../data/Normal/C-S (819).png
../data/Normal/Tr-no_0623.jpg,../data/Normal/Te-no_0146.jpg
../data/Normal/Tr-no_1515.jpg,../data/Normal/Te-no_0231.jpg
../data/Normal/Tr-no_1267.jpg,../data/Normal/Te-no_0256.jpg
../data/Normal/Tr-no_1501.jpg,../data/Normal/Tr-no_0621.jpg
../data/Normal/Tr-no_1266.jpg,../data/Normal/Te-no_0371.jpg
../data/Normal/nonDem1278.jpg,../data/Normal/nonDem1378.jpg
../data/Normal/No Tumor 549.jpg,../data/Normal/No Tumor 550.jpg
../data/Normal/Tr-no_1272.jpg,../data/Normal/Te-no_0372.jpg
../data/Normal/Tr-no_0622.jpg,../data/Normal/Tr-no_1530.jpg
../data/Normal/nonDem1244.jpg,../data/Normal/nonDem1344.jpg
../data/Normal/Tr-no_1528.jpg,../data/Normal/Tr-no_0464.jpg
../data/Normal/Tr-no_0636.jpg,../data/Normal/Tr-no_1335.jpg
../data/Normal/nonDem1250.jpg,../data/Normal/nonDem1150.jpg
../data/Normal/C-S (734).png,../data/Normal/C-S (917).png
../data/Normal/C-A (836).png,../data/Normal/C-A (751).png
../data/Normal/Tr-no_0187.jpg,../data/Normal/Te-no_0211.jpg
../data/Normal/C-A (420).png,../data/Normal/C-A (388).png
../data/Normal/C-S (671).png,../data/Normal/C-S (912).png
../data/Normal/C-S (221).png,../data/Normal/C-S (248).png
../data/Normal/Tr-no_1064.jpg,../data/Normal/Tr-no_1006.jpg
../data/Normal/Tr-no_0408.jpg,../data/Normal/Tr-no_1495.jpg
../data/Normal/C-S (919).png,../data/Normal/C-S (732).png
../data/Normal/Tr-no_0434.jpg,../data/Normal/Tr-no_1165.jpg
../data/Normal/Te-no_0302.jpg,../data/Normal/Tr-no_1118.jpg
../data/Normal/C-S (763).png,../data/Normal/C-S (844).png
../data/Normal/Tr-no_0568.jpg,../data/Normal/Tr-no_1041.jpg
../data/Normal/C-A (748).png,../data/Normal/C-A (833).png
../data/Normal/Tr-no_1110.jpg,../data/Normal/Te-no_0059.jpg
../data/Normal/C-S (519).png,../data/Normal/C-S (814).png
../data/Normal/Tr-no_0554.jpg,../data/Normal/Tr-no_1134.jpg
../data/Normal/Tr-no_1138.jpg,../data/Normal/Tr-no_0558.jpg
../data/Normal/Tr-no_0540.jpg,../data/Normal/Tr-no_0728.jpg
../data/Normal/C-S (775).png,../data/Normal/C-S (879).png
../data/Normal/Te-no_0276.jpg,../data/Normal/Tr-no_1483.jpg
../data/Normal/C-A (524).png,../data/Normal/C-A (782).png
../data/Normal/Tr-no_0597.jpg,../data/Normal/Tr-no_0593.jpg
../data/Normal/C-S (260).png,../data/Normal/C-S (212).png
../data/Normal/Tr-no_1312.jpg,../data/Normal/Tr-no_1531.jpg
../data/Normal/Tr-no_1460.jpg,../data/Normal/Te-no_0231.jpg
../data/Normal/Tr-no_1306.jpg,../data/Normal/Tr-no_0464.jpg
../data/Normal/Tr-no_1448.jpg,../data/Normal/Te-no_0242.jpg
../data/Normal/Tr-no_0971.jpg,../data/Normal/Tr-no_0053.jpg
../data/Normal/C-A (820).png,../data/Normal/C-A (735).png
../data/Normal/Tr-no_0965.jpg,../data/Normal/Tr-no_0282.jpg
../data/Normal/C-S (667).png,../data/Normal/C-S (908).png
